{
  "cam_pts": [
    [
      110,
      90
    ],
    [
      530,
      90
    ],
    [
      590,
      430
    ],
    [
      50,
      430
    ]
  ],
  "proj_pts": [
    [
      160,
      80
    ],
    [
      1760,
      80
    ],
    [
      1840,
      1000
    ],
    [
      80,
      1000
    ]
  ],
  "floor_corners": [
    [
      0,
      0
    ],
    [
      1000,
      0
    ],
    [
      1000,
      1000
    ],
    [
      0,
      1000
    ]
  ],
  "floor_w": 1000,
  "floor_h": 1000,
  "proj_w": 1920,
  "proj_h": 1080,
  "H_cam": [
    [
      2.575757575757574,
      0.4545454545454541,
      -324.2424242424235
    ],
    [
      0.0,
      4.090909090909089,
      -368.1818181818177
    ],
    [
      0.0,
      0.0009090909090909082,
      1.0
    ]
  ],
  "H_proj": [
    [
      1.6,
      -0.08727272727272727,
      160.00000000000003
    ],
    [
      0.0,
      0.8290909090909088,
      80.00000000000011
    ],
    [
      0.0,
      -9.09090909090909e-05,
      1.0
    ]
  ]
}