{
  "cam_pts": [
    [
      110,
      90
    ],
    [
      530,
      90
    ],
    [
      590,
      430
    ],
    [
      50,
      430
    ]
  ],
  "proj_pts": [
    [
      160,
      80
    ],
    [
      1760,
      80
    ],
    [
      1840,
      1000
    ],
    [
      80,
      1000
    ]
  ],
  "floor_corners": [
    [
      0,
      0
    ],
    [
      1000,
      0
    ],
    [
      1000,
      1000
    ],
    [
      0,
      1000
    ]
  ],
  "floor_w": 1000,
  "floor_h": 1000,
  "proj_w": 1920,
  "proj_h": 1080,
  "H_cam": [
    [
      2.575757575757575,
      0.4545454545454552,
      -324.24242424242397
    ],
    [
      0.0,
      4.090909090909091,
      -368.1818181818181
    ],
    [
      0.0,
      0.0009090909090909091,
      1.0
    ]
  ],
  "H_proj": [
    [
      1.5999999999999992,
      -0.08727272727272745,
      160.00000000000003
    ],
    [
      -2.583018630573699e-16,
      0.8290909090909088,
      80.00000000000016
    ],
    [
      -4.216239269413e-19,
      -9.090909090909096e-05,
      1.0
    ]
  ]
}